Model,CV_RMSE,CV_R2
Linear Regression,36396.35218439696,0.7700009981136863
Ridge,32817.038111301765,0.8146883667243546
Lasso,36042.143762944455,0.7746875399674484
ElasticNet,33588.56408292957,0.8056566479510898
Decision Tree,44010.848168430195,0.6715737161154036
Random Forest,30637.610510333638,0.839971077466944
Gradient Boosting,27708.844194607518,0.8668045340660543
