Model,CV_RMSE,CV_R2
Linear Regression,0.7205095145054944,0.611456745810643
Ridge,0.7205090731464324,0.6114572782460861
Lasso,1.1561718526507854,-0.00021537376071179004
ElasticNet,1.0288450126662743,0.20796116392439332
Decision Tree,0.73330700889882,0.5972570210408212
Random Forest,0.5109277247033533,0.8046500386355632
Gradient Boosting,0.5321380382365041,0.7880840984996119
