Model,CV_RMSE,CV_R2
Linear Regression,9.110890703335627,0.547792213940056
Ridge,9.108281231678706,0.5480876679566845
Lasso,9.110763281892963,0.5478050041713468
ElasticNet,9.110473660314378,0.5478383758631655
Decision Tree,10.738769323955283,0.35608964245140184
Random Forest,7.830243129072346,0.6642769004130151
Gradient Boosting,8.350246547585959,0.6194997363960163
